{
  "experiment_id": "chunk_comparison",
  "description": "Compare chunk_size=800 / overlap=100 (A) vs chunk_size=500 / overlap=50 (B).",
  "variants": [
    {
      "variant": "A",
      "metrics": {
        "chunk_count": 18.0,
        "hit_at_3": 0.791474399930868,
        "indexing_time": 3.7900800690479253
      },
      "samples": {
        "chunk_count": [
          16.71569083573602,
          18.37463040532313,
          19.7085760392414,
          19.748163665832084,
          16.497682187248145,
          18.545408597968073,
          20.14761235581071,
          18.613074359874247,
          17.54437052771514,
          22.370995830822093
        ],
        "hit_at_3": [
          0.8996098723854824,
          0.7391385795386187,
          0.8422249557691243,
          0.8659418550330469,
          0.7977643761155178,
          0.7941812633549572,
          0.8576619686669676,
          0.7853343492172705,
          0.8103623354585351,
          0.6974828416027741
        ],
        "indexing_time": [
          4.013638301104461,
          3.962628361355027,
          4.001746188343395,
          4.306486593898693,
          4.013410488160292,
          3.960579099922673,
          3.3806876892270568,
          3.7281693254215686,
          3.4488076771082388,
          3.4976891515029025
        ]
      }
    },
    {
      "variant": "B",
      "metrics": {
        "chunk_count": 30.0,
        "hit_at_3": 0.7970808927059073,
        "indexing_time": 4.973835101496537
      },
      "samples": {
        "chunk_count": [
          33.555948707337755,
          31.386680391098643,
          31.59082394410771,
          29.193728041312134,
          31.32001957907678,
          33.052417395196926,
          33.38127469177405,
          25.21629040943114,
          34.424452419188974,
          25.977969588020642
        ],
        "hit_at_3": [
          0.6898862884165354,
          0.8267978777285951,
          0.7429653273168462,
          0.8142451207757054,
          0.8095596696300406,
          0.8368197254904026,
          0.7475806242329015,
          0.740056254029287,
          0.7128122208580022,
          0.7981141481743432
        ],
        "indexing_time": [
          4.99331957385293,
          5.753691511557982,
          4.544212764925984,
          5.033511922023993,
          4.397240444127792,
          4.932014560519655,
          4.936947906996005,
          5.194692960847782,
          5.071939405326743,
          4.137982368496643
        ]
      }
    }
  ],
  "deltas": {
    "chunk_count": {
      "variant_a": 18.0,
      "variant_b": 30.0,
      "delta": 12.0,
      "relative_change": 0.6666666666666666
    },
    "hit_at_3": {
      "variant_a": 0.791474399930868,
      "variant_b": 0.7970808927059073,
      "delta": 0.005606492775039329,
      "relative_change": 0.007083605958106836
    },
    "indexing_time": {
      "variant_a": 3.7900800690479253,
      "variant_b": 4.973835101496537,
      "delta": 1.1837550324486115,
      "relative_change": 0.3123298217670564
    }
  },
  "significance": {
    "chunk_count": {
      "test": "welch_t",
      "t_stat": -10.535611128503673,
      "p_value": 4.725524762058051e-08,
      "significant_at_0.05": true
    },
    "hit_at_3": {
      "test": "welch_t",
      "t_stat": 1.4744963925677104,
      "p_value": 0.15808478458064174,
      "significant_at_0.05": false
    },
    "indexing_time": {
      "test": "welch_t",
      "t_stat": -6.212524606586824,
      "p_value": 1.3376711852491834e-05,
      "significant_at_0.05": true
    }
  },
  "winner": "A"
}