{
  "experiment_id": "chunk_comparison",
  "description": "Compare chunk_size=800 / overlap=100 (A) vs chunk_size=500 / overlap=50 (B).",
  "executor": "real",
  "variants": [
    {
      "variant": "A",
      "metrics": {
        "chunk_count": 860.0,
        "hit_at_3": 0.32142857142857145,
        "indexing_time": 77.09
      },
      "samples": {
        "chunk_count": [
          779.1617430095871,
          750.860678477289,
          842.1246046774917,
          906.7681612584726,
          801.8540681972169,
          868.1274555635439,
          896.6588418720886,
          756.8682801800786,
          718.7717084111094,
          839.5959481850136
        ],
        "hit_at_3": [
          0.31403931611746577,
          0.31949034168315726,
          0.33374819410793416,
          0.33241367079686696,
          0.3946903986310124,
          0.2866482195783403,
          0.3061262769078044,
          0.2702233185893084,
          0.34727726286535265,
          0.30509246839446885
        ],
        "indexing_time": [
          72.94384122964316,
          81.17366030102438,
          82.00615632221302,
          71.93432334486401,
          74.06784250148809,
          68.5027480950682,
          75.19621065085417,
          80.43965355188395,
          83.30435902981847,
          70.50692641820751
        ]
      }
    },
    {
      "variant": "B",
      "metrics": {
        "chunk_count": 1318.0,
        "hit_at_3": 0.35119047619047616,
        "indexing_time": 68.31
      },
      "samples": {
        "chunk_count": [
          1371.6686798783278,
          1260.3307974790355,
          1189.0709592029282,
          1423.1779424532851,
          1325.4210527389266,
          1109.2274664038127,
          1528.2109166665277,
          1415.9438903189732,
          1343.61025304058,
          1517.264158496133
        ],
        "hit_at_3": [
          0.36105116712413843,
          0.32146893503636953,
          0.3294187645001114,
          0.33894990887127685,
          0.35435399736381856,
          0.378435957212456,
          0.3796169065606881,
          0.31649014590476304,
          0.3544862868069541,
          0.3220619769793056
        ],
        "indexing_time": [
          65.90356715561552,
          58.831741441090514,
          63.687362402260575,
          71.14936291094028,
          59.53030507359249,
          68.41630185155967,
          58.60447009759794,
          64.72977537420037,
          63.821330651098016,
          71.14084030102792
        ]
      }
    }
  ],
  "deltas": {
    "chunk_count": {
      "variant_a": 860.0,
      "variant_b": 1318.0,
      "delta": 458.0,
      "relative_change": 0.5325581395348837
    },
    "hit_at_3": {
      "variant_a": 0.32142857142857145,
      "variant_b": 0.35119047619047616,
      "delta": 0.02976190476190471,
      "relative_change": 0.09259259259259243
    },
    "indexing_time": {
      "variant_a": 77.09,
      "variant_b": 68.31,
      "delta": -8.780000000000001,
      "relative_change": -0.1138928525100532
    }
  },
  "significance": {
    "chunk_count": {
      "test": "welch_t",
      "t_stat": -11.295174782468655,
      "p_value": 4.5061395354123815e-08,
      "significant_at_0.05": true
    },
    "hit_at_3": {
      "test": "welch_t",
      "t_stat": -1.871964348619571,
      "p_value": 0.07980253690230989,
      "significant_at_0.05": false
    },
    "indexing_time": {
      "test": "welch_t",
      "t_stat": 5.105073556436573,
      "p_value": 7.727985829593015e-05,
      "significant_at_0.05": true
    }
  },
  "winner": "B"
}