{
  "experiment_id": "hybrid_comparison",
  "description": "Compare vector-only (A) vs bm25-only (B) vs hybrid alpha=0.5 (C). Multiple-arm experiment uses A vs C primary comparison.",
  "executor": "real",
  "variants": [
    {
      "variant": "A",
      "metrics": {
        "hit_at_5": 0.47023809523809523,
        "mrr": 0.3034722222222223,
        "retrieval_time": 0.0871984389994482
      },
      "samples": {
        "hit_at_5": [
          0.4988339078400595,
          0.4373617414463544,
          0.49249531746511643,
          0.4545669218958924,
          0.46019399678377393,
          0.43953166145863554,
          0.45350643157221043,
          0.447704182179253,
          0.4732168136264026,
          0.4511668772420763
        ],
        "mrr": [
          0.3097004532038908,
          0.32567927157668985,
          0.3188479672435757,
          0.34683174598685584,
          0.30077373188327444,
          0.27751145503056257,
          0.29573018573190124,
          0.2753962631681242,
          0.29001145974623627,
          0.3032939660522482
        ],
        "retrieval_time": [
          0.07710773824364199,
          0.08081048366944892,
          0.09060871357848055,
          0.08475223571172907,
          0.07769270277061296,
          0.08005328528938019,
          0.08910626158752842,
          0.07931710100181989,
          0.09235700684698833,
          0.07410534863212516
        ]
      }
    },
    {
      "variant": "B",
      "metrics": {
        "hit_at_5": 0.4880952380952381,
        "mrr": 0.30962301587301605,
        "retrieval_time": 0.07721430124192488
      },
      "samples": {
        "hit_at_5": [
          0.46803621671363066,
          0.45118772851486694,
          0.4975340362264964,
          0.4525534990823542,
          0.5011762537324139,
          0.5100156006769259,
          0.4837911053060798,
          0.5085375796449906,
          0.5016122107682216,
          0.4361044270629575
        ],
        "mrr": [
          0.2853592110995215,
          0.30634978351317366,
          0.2936574309512594,
          0.3311786924814549,
          0.2778153001817601,
          0.31403887779909195,
          0.3258576834233321,
          0.32159481507297755,
          0.2960984904104017,
          0.316996848199697
        ],
        "retrieval_time": [
          0.07487544019984235,
          0.0612683490827778,
          0.0782529716841175,
          0.07395768040680675,
          0.08099901741318298,
          0.07957482618903068,
          0.07416553189540391,
          0.08490398085223054,
          0.08100436661415328,
          0.07516678676879647
        ]
      }
    }
  ],
  "deltas": {
    "hit_at_5": {
      "variant_a": 0.47023809523809523,
      "variant_b": 0.4880952380952381,
      "delta": 0.01785714285714285,
      "relative_change": 0.03797468354430378
    },
    "mrr": {
      "variant_a": 0.3034722222222223,
      "variant_b": 0.30962301587301605,
      "delta": 0.00615079365079374,
      "relative_change": 0.020268061457993095
    },
    "retrieval_time": {
      "variant_a": 0.0871984389994482,
      "variant_b": 0.07721430124192488,
      "delta": -0.009984137757523312,
      "relative_change": -0.1144990423232977
    }
  },
  "significance": {
    "hit_at_5": {
      "test": "welch_t",
      "t_stat": -1.8646839227041614,
      "p_value": 0.07963926558758348,
      "significant_at_0.05": false
    },
    "mrr": {
      "test": "welch_t",
      "t_stat": -0.2800420405384236,
      "p_value": 0.7827607310929071,
      "significant_at_0.05": false
    },
    "retrieval_time": {
      "test": "welch_t",
      "t_stat": 2.175184428319829,
      "p_value": 0.04319767216147089,
      "significant_at_0.05": true
    }
  },
  "winner": "B"
}