{
  "experiment_id": "hybrid_comparison",
  "description": "Compare vector-only (A) vs bm25-only (B) vs hybrid alpha=0.5 (C). Multiple-arm experiment uses A vs C primary comparison.",
  "variants": [
    {
      "variant": "A",
      "metrics": {
        "hit_at_5": 0.7348846399585207,
        "mrr": 0.6672620103571889,
        "retrieval_time": 0.23378849363921506
      },
      "samples": {
        "hit_at_5": [
          0.6737986901971007,
          0.7104838920439315,
          0.7778703175052639,
          0.7524364354871758,
          0.6600581256299667,
          0.7300262145863959,
          0.831151125818139,
          0.6603981181354457,
          0.7082227064631657,
          0.7817204825686951
        ],
        "mrr": [
          0.6516535330157914,
          0.6255191383036036,
          0.7408835230761527,
          0.5837799831147317,
          0.6144373704321946,
          0.7264080942036635,
          0.7840318796157528,
          0.6432653566662012,
          0.671000820429338,
          0.6477745109915357
        ],
        "retrieval_time": [
          0.20769322138012558,
          0.22509521626643508,
          0.2570530197737484,
          0.250903519646414,
          0.23341021446999158,
          0.22372663319093222,
          0.23027310294301187,
          0.22857101413509942,
          0.22807324845276594,
          0.2190069076924378
        ]
      }
    },
    {
      "variant": "B",
      "metrics": {
        "hit_at_5": 0.7842485356235445,
        "mrr": 0.7460752652244804,
        "retrieval_time": 0.23984999084083847
      },
      "samples": {
        "hit_at_5": [
          0.7964558795852696,
          0.7176814574928125,
          0.7330662012324382,
          0.9036917498329102,
          0.8732582527170923,
          0.7526308018418583,
          0.749118256116456,
          0.7113569499927475,
          0.5829868091251833,
          0.6641252145195469
        ],
        "mrr": [
          0.8056431528903254,
          0.6884485483874819,
          0.6950524543286262,
          0.7131399948200604,
          0.6419478511571581,
          0.8213425531359613,
          0.7711639020218335,
          0.677988830807716,
          0.7861211469364312,
          0.8144611390942897
        ],
        "retrieval_time": [
          0.24212020518320693,
          0.2573914952467,
          0.22612999472278988,
          0.2698898818782353,
          0.17801000651220356,
          0.23766003780418693,
          0.23950050468522702,
          0.22839287365518982,
          0.2387253859897127,
          0.24891606763801935
        ]
      }
    }
  ],
  "deltas": {
    "hit_at_5": {
      "variant_a": 0.7348846399585207,
      "variant_b": 0.7842485356235445,
      "delta": 0.04936389566502375,
      "relative_change": 0.0671723056666554
    },
    "mrr": {
      "variant_a": 0.6672620103571889,
      "variant_b": 0.7460752652244804,
      "delta": 0.07881325486729152,
      "relative_change": 0.11811440430289499
    },
    "retrieval_time": {
      "variant_a": 0.23378849363921506,
      "variant_b": 0.23984999084083847,
      "delta": 0.0060614972016234114,
      "relative_change": 0.02592726916226074
    }
  },
  "significance": {
    "hit_at_5": {
      "test": "welch_t",
      "t_stat": -0.5709026986761252,
      "p_value": 0.5765833223679113,
      "significant_at_0.05": false
    },
    "mrr": {
      "test": "welch_t",
      "t_stat": -2.5398784625497375,
      "p_value": 0.020548604598978792,
      "significant_at_0.05": true
    },
    "retrieval_time": {
      "test": "welch_t",
      "t_stat": -0.7029430342101314,
      "p_value": 0.4931472392579827,
      "significant_at_0.05": false
    }
  },
  "winner": "B"
}