{
  "experiment_id": "hybrid_comparison",
  "description": "Compare vector-only (A) vs bm25-only (B) vs hybrid alpha=0.5 (C). Multiple-arm experiment uses A vs C primary comparison.",
  "executor": "real",
  "variants": [
    {
      "variant": "A",
      "metrics": {
        "hit_at_5": 0.40476190476190477,
        "mrr": 0.2779761904761905,
        "retrieval_time": 0.2518984911283561
      },
      "samples": {
        "hit_at_5": [
          0.38242251098612057,
          0.43260323349336016,
          0.3878464739861471,
          0.3636119480186267,
          0.42613556197632335,
          0.38778132484847333,
          0.4111966793174715,
          0.38515118700419665,
          0.47548440344466153,
          0.41024910855546126
        ],
        "mrr": [
          0.27157007182515364,
          0.27797885199433575,
          0.3149594429116156,
          0.26352388743077015,
          0.2955085601930448,
          0.2787666552261907,
          0.276433940166308,
          0.2721317569095856,
          0.2766978598803978,
          0.2874278706462001
        ],
        "retrieval_time": [
          0.27697923533042923,
          0.2618721978497908,
          0.25594636020510314,
          0.2830419004670342,
          0.24186026832382373,
          0.2667780519956825,
          0.27393296509212167,
          0.24625250447475955,
          0.273917646733357,
          0.24446735228444708
        ]
      }
    },
    {
      "variant": "B",
      "metrics": {
        "hit_at_5": 0.4107142857142857,
        "mrr": 0.2700396825396826,
        "retrieval_time": 0.24165271568996277
      },
      "samples": {
        "hit_at_5": [
          0.374427719503911,
          0.3963936017775466,
          0.3978719425680001,
          0.42771311846894244,
          0.40759779720073297,
          0.3864501571910321,
          0.45790739173155437,
          0.44293881240824096,
          0.3611809696698047,
          0.3706664347807809
        ],
        "mrr": [
          0.2694876666652124,
          0.2599309397553134,
          0.2713135541741503,
          0.305487770457501,
          0.25571365754470166,
          0.2440516238600411,
          0.2808174544775261,
          0.2504198828894807,
          0.3198736813175961,
          0.23331237712596523
        ],
        "retrieval_time": [
          0.24746399449130474,
          0.2511955566488266,
          0.24358522933953658,
          0.23116761577361558,
          0.2438697256335516,
          0.28515359264134876,
          0.24885956357494346,
          0.23674750547227216,
          0.23873964356852906,
          0.2512878206504224
        ]
      }
    }
  ],
  "deltas": {
    "hit_at_5": {
      "variant_a": 0.40476190476190477,
      "variant_b": 0.4107142857142857,
      "delta": 0.005952380952380931,
      "relative_change": 0.014705882352941124
    },
    "mrr": {
      "variant_a": 0.2779761904761905,
      "variant_b": 0.2700396825396826,
      "delta": -0.007936507936507908,
      "relative_change": -0.028551034975017743
    },
    "retrieval_time": {
      "variant_a": 0.2518984911283561,
      "variant_b": 0.24165271568996277,
      "delta": -0.010245775438393334,
      "relative_change": -0.040674223146388556
    }
  },
  "significance": {
    "hit_at_5": {
      "test": "welch_t",
      "t_stat": 0.2734221558339107,
      "p_value": 0.7876418304374727,
      "significant_at_0.05": false
    },
    "mrr": {
      "test": "welch_t",
      "t_stat": 1.2824947033212526,
      "p_value": 0.22069087862036646,
      "significant_at_0.05": false
    },
    "retrieval_time": {
      "test": "welch_t",
      "t_stat": 2.231669556590784,
      "p_value": 0.03858928323818897,
      "significant_at_0.05": true
    }
  },
  "winner": "B"
}