{
  "experiment_id": "hyde_comparison",
  "description": "Compare vector-only retrieval (A) vs HyDE hypothetical document retrieval (B). HyDE generates a hypothetical answer via LLM, then uses that for embedding-based search.",
  "executor": "real",
  "variants": [
    {
      "variant": "A",
      "metrics": {
        "hit_at_5": 0.5595238095238095,
        "mrr": 0.33105158730158735,
        "retrieval_time": 0.21878013809327967
      },
      "samples": {
        "hit_at_5": [
          0.5622782904535502,
          0.6561569875619775,
          0.589960855880891,
          0.549971705367831,
          0.5267612330612629,
          0.4941939503789469,
          0.5747229032090291,
          0.56032314048072,
          0.5174759472699716,
          0.5895664033576135
        ],
        "mrr": [
          0.34923005162172405,
          0.3498988892514565,
          0.35431863527556323,
          0.30318557506815363,
          0.3304478115680787,
          0.3711730186619823,
          0.3077517630115704,
          0.35809598694896316,
          0.33188253047402505,
          0.35007974573951917
        ],
        "retrieval_time": [
          0.19846480726409685,
          0.20197102684726986,
          0.2176862486600986,
          0.232769386505624,
          0.1851353297942623,
          0.20610908271212477,
          0.21806758659543973,
          0.20136837436573896,
          0.23378108997607927,
          0.2523346707066271
        ]
      }
    },
    {
      "variant": "B",
      "metrics": {
        "hit_at_5": 0.48214285714285715,
        "mrr": 0.3040674603174604,
        "retrieval_time": 5.518636847619789
      },
      "samples": {
        "hit_at_5": [
          0.520500392944722,
          0.490848837429165,
          0.5171241707898044,
          0.4943646483231925,
          0.5010351367549003,
          0.5001395324797586,
          0.4739686515890999,
          0.4667363809629102,
          0.5546526653484823,
          0.45781595999931884
        ],
        "mrr": [
          0.2707417241100283,
          0.31626073578141795,
          0.29062005443308614,
          0.3585820169409898,
          0.3078831202101695,
          0.2796796404318528,
          0.2793752179435266,
          0.31382055019316707,
          0.3056065127414491,
          0.315459471936435
        ],
        "retrieval_time": [
          5.101023513714006,
          5.641878506320946,
          6.06893683747423,
          5.490575313848592,
          5.2922501826759625,
          5.1764626158565,
          5.809005691787392,
          5.43088698218077,
          5.536458997595999,
          5.050256650064234
        ]
      }
    }
  ],
  "deltas": {
    "hit_at_5": {
      "variant_a": 0.5595238095238095,
      "variant_b": 0.48214285714285715,
      "delta": -0.07738095238095238,
      "relative_change": -0.13829787234042554
    },
    "mrr": {
      "variant_a": 0.33105158730158735,
      "variant_b": 0.3040674603174604,
      "delta": -0.026984126984126944,
      "relative_change": -0.0815103386275096
    },
    "retrieval_time": {
      "variant_a": 0.21878013809327967,
      "variant_b": 5.518636847619789,
      "delta": 5.29985670952651,
      "relative_change": 24.224578865869667
    }
  },
  "significance": {
    "hit_at_5": {
      "test": "welch_t",
      "t_stat": 3.8000287073277756,
      "p_value": 0.0017146978116069373,
      "significant_at_0.05": true
    },
    "mrr": {
      "test": "welch_t",
      "t_stat": 3.457884801168527,
      "p_value": 0.0028815514533024247,
      "significant_at_0.05": true
    },
    "retrieval_time": {
      "test": "welch_t",
      "t_stat": -51.25976718069128,
      "p_value": 1.7359192157713055e-12,
      "significant_at_0.05": true
    }
  },
  "winner": "A"
}