{
  "experiment_id": "prompt_comparison",
  "description": "Compare full 13-section note template (Variant A) vs compact 8-section template (Variant B).",
  "variants": [
    {
      "variant": "A",
      "metrics": {
        "generation_time": 4.414743999308679,
        "content_length": 2994,
        "section_coverage": 0.8514239190851989
      },
      "samples": {
        "generation_time": [
          4.88453953977082,
          4.352655161455896,
          4.354623462587456,
          4.478916129241029,
          4.673366711455181,
          4.252155342776975,
          4.169534991522527,
          4.432987579381556,
          4.258034159778176,
          4.192555875666082
        ],
        "content_length": [
          3372.430753900725,
          3122.9486887551907,
          2793.1726502975807,
          3158.818140369536,
          2527.87042752918,
          2708.43686402593,
          3252.70302580476,
          3199.300818782502,
          3305.886137632531,
          3114.3896094183337
        ],
        "section_coverage": [
          0.8579142501122952,
          0.9070209646749289,
          0.7234199704191988,
          0.9747010917360406,
          0.8649131808440742,
          0.8522414890453491,
          0.8696695701279422,
          0.907906877870851,
          0.8453607391428376,
          0.8830330586506312
        ]
      }
    },
    {
      "variant": "B",
      "metrics": {
        "generation_time": 2.8708089270590724,
        "content_length": 1945,
        "section_coverage": 0.8923786291824651
      },
      "samples": {
        "generation_time": [
          2.4894781342093792,
          3.1115759469585833,
          2.940280931161084,
          2.8292472456161244,
          2.6850299362670196,
          2.5844171448876274,
          2.940913880508359,
          2.708568516955843,
          2.619197857929846,
          2.9858603104291515
        ],
        "content_length": [
          1868.0796832184105,
          2032.464189264782,
          1748.6195041313392,
          1962.6435993131372,
          1684.2088506182583,
          1918.0574349671306,
          1997.7928165493909,
          1936.4475571393052,
          1894.4594631539944,
          2082.573016384128
        ],
        "section_coverage": [
          0.7969897412257304,
          0.9462047845956647,
          0.8283771087358581,
          0.9086486252462563,
          0.9256862660643044,
          0.8911111116272084,
          0.8630597028154717,
          0.9605935069226257,
          0.8968388780355006,
          0.7790177934369902
        ]
      }
    }
  ],
  "deltas": {
    "generation_time": {
      "variant_a": 4.414743999308679,
      "variant_b": 2.8708089270590724,
      "delta": -1.5439350722496066,
      "relative_change": -0.34972244653175294
    },
    "content_length": {
      "variant_a": 2994,
      "variant_b": 1945,
      "delta": -1049,
      "relative_change": -0.3503674014696059
    },
    "section_coverage": {
      "variant_a": 0.8514239190851989,
      "variant_b": 0.8923786291824651,
      "delta": 0.040954710097266256,
      "relative_change": 0.04810143241132984
    }
  },
  "significance": {
    "generation_time": {
      "test": "welch_t",
      "t_stat": 16.851599374893045,
      "p_value": 2.2304426045222516e-12,
      "significant_at_0.05": true
    },
    "content_length": {
      "test": "welch_t",
      "t_stat": 11.803445904397822,
      "p_value": 4.494520240717245e-08,
      "significant_at_0.05": true
    },
    "section_coverage": {
      "test": "welch_t",
      "t_stat": -0.3936119256340895,
      "p_value": 0.6984957881582445,
      "significant_at_0.05": false
    }
  },
  "winner": "B"
}