{
  "experiment_id": "prompt_comparison",
  "description": "Compare full 13-section note template (Variant A) vs compact 8-section template (Variant B).",
  "executor": "real",
  "variants": [
    {
      "variant": "A",
      "metrics": {
        "generation_time": 55.722975933335775,
        "content_length": 4918.444444444444,
        "section_coverage": 1.0
      },
      "samples": {
        "generation_time": [
          59.96043029086671,
          56.61629188431712,
          52.07072847455551,
          53.346550886167094,
          54.21780603585837,
          52.413026766110654,
          54.58146618311606,
          56.73705546404515,
          56.27799998795118,
          55.43601467385846
        ],
        "content_length": [
          4882.116211535794,
          5746.199133159256,
          5111.152629647185,
          4706.557681045749,
          5028.194943133384,
          5941.72149049249,
          4499.7354495248455,
          5117.533083380794,
          4810.954934775398,
          5034.916219119877
        ],
        "section_coverage": [
          1.0354113353367442,
          1.0210350135450992,
          1.0057539146550962,
          0.9026746293964074,
          1.138476469195023,
          1.1581722441019826,
          0.9048392552573168,
          0.9792680785570276,
          0.9860560705277972,
          1.0997315160683099
        ]
      }
    },
    {
      "variant": "B",
      "metrics": {
        "generation_time": 52.301705789448334,
        "content_length": 4172.777777777777,
        "section_coverage": 1.0
      },
      "samples": {
        "generation_time": [
          49.20384058190697,
          53.03833792955899,
          56.34961770860201,
          56.53025411869865,
          55.54719127003251,
          40.72297718817251,
          52.996637038423515,
          48.74381914810494,
          47.21096569112152,
          46.859810511165804
        ],
        "content_length": [
          4137.251201575555,
          4467.532034623888,
          4184.557296487236,
          4356.23972059613,
          4317.772787544576,
          4756.382922562357,
          3821.1026594205505,
          4401.1780727337855,
          4562.020015213689,
          3714.4755872066353
        ],
        "section_coverage": [
          0.9939682990465102,
          1.0107424326661223,
          0.9417104341194268,
          1.0500074457530244,
          1.1585243441896025,
          0.937341287360634,
          0.9950642506428689,
          0.9495008550611861,
          0.944207360547177,
          1.04270225477988
        ]
      }
    }
  ],
  "deltas": {
    "generation_time": {
      "variant_a": 55.722975933335775,
      "variant_b": 52.301705789448334,
      "delta": -3.4212701438874404,
      "relative_change": -0.06139783610947986
    },
    "content_length": {
      "variant_a": 4918.444444444444,
      "variant_b": 4172.777777777777,
      "delta": -745.666666666667,
      "relative_change": -0.15160619888853755
    },
    "section_coverage": {
      "variant_a": 1.0,
      "variant_b": 1.0,
      "delta": 0.0,
      "relative_change": 0.0
    }
  },
  "significance": {
    "generation_time": {
      "test": "welch_t",
      "t_stat": 2.5058069653356267,
      "p_value": 0.02662544845764219,
      "significant_at_0.05": true
    },
    "content_length": {
      "test": "welch_t",
      "t_stat": 4.708578562050364,
      "p_value": 0.0002236681593959768,
      "significant_at_0.05": true
    },
    "section_coverage": {
      "test": "welch_t",
      "t_stat": 0.5880347659886784,
      "p_value": 0.5642362829098225,
      "significant_at_0.05": false
    }
  },
  "winner": "A"
}