{
  "experiment_id": "query_optimization",
  "description": "Compare original (A) vs LLM rewrite (B) vs HyDE (C) query strategies on retrieval quality.",
  "variants": [
    {
      "variant": "A",
      "metrics": {
        "hit_at_5": 0.7348846399585207,
        "mrr": 0.6672620103571889,
        "latency": 2.5378849363921505
      },
      "samples": {
        "hit_at_5": [
          0.7601325096470742,
          0.8049830002854528,
          0.6790477741421066,
          0.6980016593232768,
          0.723298299846529,
          0.7621342500993665,
          0.8288805811133757,
          0.6740472957608785,
          0.670942119635993,
          0.6768991473676823
        ],
        "mrr": [
          0.5768400717967944,
          0.6194376292706921,
          0.6885147621923597,
          0.6823493520773941,
          0.7151235072721702,
          0.694975013424348,
          0.6662178557216379,
          0.701896560066717,
          0.622077949509793,
          0.5751088231403972
        ],
        "latency": [
          2.4811037697562432,
          2.8250310800627685,
          2.2326358091329026,
          2.69621791422961,
          2.4490599304576075,
          2.5058123025973704,
          2.203948633592394,
          2.429629270050735,
          2.4536031039980375,
          2.253807615380884
        ]
      }
    },
    {
      "variant": "B",
      "metrics": {
        "hit_at_5": 0.7642485356235444,
        "mrr": 0.7160752652244805,
        "latency": 3.0984999084083844
      },
      "samples": {
        "hit_at_5": [
          0.7344738407576191,
          0.8157045235642807,
          0.7171521581971763,
          0.6925845279706708,
          0.7562804511088875,
          0.7873183556053234,
          0.8041026225012994,
          0.776078089104685,
          0.7842388063659665,
          0.7867917453682453
        ],
        "mrr": [
          0.7193766958035956,
          0.7639170664361563,
          0.7815961342243453,
          0.7195633024712451,
          0.6816920957998022,
          0.775103397568368,
          0.63849024737309,
          0.6816748101098942,
          0.7188771396754546,
          0.7172101275603838
        ],
        "latency": [
          2.973662739093718,
          3.188982071537221,
          3.5399215208890036,
          3.337705808346325,
          3.2797692266259446,
          3.2067983892374166,
          3.4272346832691793,
          3.1720772047453867,
          2.792685164890172,
          2.62278811234481
        ]
      }
    }
  ],
  "deltas": {
    "hit_at_5": {
      "variant_a": 0.7348846399585207,
      "variant_b": 0.7642485356235444,
      "delta": 0.02936389566502373,
      "relative_change": 0.039957149827871116
    },
    "mrr": {
      "variant_a": 0.6672620103571889,
      "variant_b": 0.7160752652244805,
      "delta": 0.0488132548672916,
      "relative_change": 0.07315455414757031
    },
    "latency": {
      "variant_a": 2.5378849363921505,
      "variant_b": 3.0984999084083844,
      "delta": 0.5606149720162339,
      "relative_change": 0.2208984985793731
    }
  },
  "significance": {
    "hit_at_5": {
      "test": "welch_t",
      "t_stat": -1.6925244343919716,
      "p_value": 0.11007873356275116,
      "significant_at_0.05": false
    },
    "mrr": {
      "test": "welch_t",
      "t_stat": -3.0107263201552716,
      "p_value": 0.0076259711610100886,
      "significant_at_0.05": true
    },
    "latency": {
      "test": "welch_t",
      "t_stat": -6.41563534152581,
      "p_value": 8.329292066323501e-06,
      "significant_at_0.05": true
    }
  },
  "winner": "B"
}