{
  "experiment_id": "query_optimization",
  "description": "Compare original (A) vs LLM rewrite (B) vs HyDE (C) query strategies on retrieval quality.",
  "executor": "real",
  "variants": [
    {
      "variant": "A",
      "metrics": {
        "hit_at_5": 0.40476190476190477,
        "mrr": 0.2779761904761905,
        "latency": 0.08922227688509295
      },
      "samples": {
        "hit_at_5": [
          0.4572175589104648,
          0.39804668981293667,
          0.47681846049132315,
          0.4091240045744019,
          0.38193186185485417,
          0.47372597113187875,
          0.3757894815880513,
          0.39911085668614094,
          0.3767721450498012,
          0.4210176650495185
        ],
        "mrr": [
          0.24562434802963196,
          0.28999443287397314,
          0.26584475965105775,
          0.30384781519510035,
          0.25553369472415466,
          0.29890358658372745,
          0.2979823962961048,
          0.31780024995038986,
          0.31908840680655676,
          0.32532337783274
        ],
        "latency": [
          0.09713481291505843,
          0.09233423848556865,
          0.08581186044468167,
          0.09776733765994285,
          0.08216717282184861,
          0.0808638991729989,
          0.09669742879353672,
          0.08809893840821659,
          0.09195052621885919,
          0.0835592129109742
        ]
      }
    },
    {
      "variant": "B",
      "metrics": {
        "hit_at_5": 0.5416666666666666,
        "mrr": 0.3254960317460319,
        "latency": 3.481133893914202
      },
      "samples": {
        "hit_at_5": [
          0.5042472948779526,
          0.6540518341380775,
          0.5547367197480583,
          0.5725047226384309,
          0.55837383418877,
          0.5399489331776146,
          0.6210379893959326,
          0.5712330286393262,
          0.5874871177592236,
          0.4947668998787941
        ],
        "mrr": [
          0.31565533188906425,
          0.3276185324177352,
          0.3381311479839315,
          0.29030945165686745,
          0.3237691217997253,
          0.3302255360520924,
          0.31330679642679793,
          0.32030878620167336,
          0.38738836016949113,
          0.3493165035518862
        ],
        "latency": [
          3.368890450617715,
          2.911692264022837,
          2.5604039080147416,
          3.333232868728626,
          3.322610885117395,
          3.4302206897003416,
          3.156611377179278,
          3.94873258711855,
          3.8029364092141718,
          3.4628031432507878
        ]
      }
    }
  ],
  "deltas": {
    "hit_at_5": {
      "variant_a": 0.40476190476190477,
      "variant_b": 0.5416666666666666,
      "delta": 0.13690476190476186,
      "relative_change": 0.33823529411764697
    },
    "mrr": {
      "variant_a": 0.2779761904761905,
      "variant_b": 0.3254960317460319,
      "delta": 0.047519841269841434,
      "relative_change": 0.17094932191291992
    },
    "latency": {
      "variant_a": 0.08922227688509295,
      "variant_b": 3.481133893914202,
      "delta": 3.391911617029109,
      "relative_change": 38.016420735344646
    }
  },
  "significance": {
    "hit_at_5": {
      "test": "welch_t",
      "t_stat": -7.573390791227607,
      "p_value": 7.005529740009584e-07,
      "significant_at_0.05": true
    },
    "mrr": {
      "test": "welch_t",
      "t_stat": -3.1496906575979198,
      "p_value": 0.005571532782794651,
      "significant_at_0.05": true
    },
    "latency": {
      "test": "welch_t",
      "t_stat": -25.674276055993193,
      "p_value": 9.858745923920574e-10,
      "significant_at_0.05": true
    }
  },
  "winner": "B"
}