{
  "experiment_id": "query_optimization",
  "description": "Compare original (A) vs LLM rewrite (B) vs HyDE (C) query strategies on retrieval quality.",
  "executor": "real",
  "variants": [
    {
      "variant": "A",
      "metrics": {
        "hit_at_5": 0.47023809523809523,
        "mrr": 0.3034722222222223,
        "latency": 0.08395992198867523
      },
      "samples": {
        "hit_at_5": [
          0.4609933524873297,
          0.5155195672728855,
          0.4512225191589182,
          0.4737580273367302,
          0.3984233404008038,
          0.4290188470736924,
          0.4563980725147257,
          0.49854507561647704,
          0.444120613544249,
          0.4811683596923917
        ],
        "mrr": [
          0.30777335176248577,
          0.28645792970214523,
          0.3296070254644957,
          0.310349402125441,
          0.3030826518798778,
          0.3513476990327094,
          0.2770618255848535,
          0.2708966026197229,
          0.2959955514624455,
          0.2915285138650781
        ],
        "latency": [
          0.086514940725025,
          0.07971953111224503,
          0.08797080458890075,
          0.07990484861362308,
          0.07802603926296929,
          0.0854185415974486,
          0.09254569573713334,
          0.08954412797799037,
          0.07201017692609994,
          0.08695717574580457
        ]
      }
    },
    {
      "variant": "B",
      "metrics": {
        "hit_at_5": 0.5654761904761905,
        "mrr": 0.3450396825396827,
        "latency": 7.871428943946306
      },
      "samples": {
        "hit_at_5": [
          0.5517799213128761,
          0.5609284935559519,
          0.6718859982307034,
          0.530827348119118,
          0.6622666773012307,
          0.5715036838914213,
          0.6068857922969061,
          0.5253087353480399,
          0.4972063480767933,
          0.5579808824834118
        ],
        "mrr": [
          0.34227497851716693,
          0.37779887011046326,
          0.36548595869506934,
          0.3533117252214417,
          0.34248008054355966,
          0.29156972724731695,
          0.32700911182143955,
          0.3535338258124309,
          0.2845501538869543,
          0.3392218439386573
        ],
        "latency": [
          7.989801080619727,
          9.294966101370413,
          8.186564022091282,
          7.858156864733566,
          8.299130432412149,
          8.758623858098696,
          7.459010755978844,
          7.676279338233082,
          7.581533559504331,
          7.733578071276603
        ]
      }
    }
  ],
  "deltas": {
    "hit_at_5": {
      "variant_a": 0.47023809523809523,
      "variant_b": 0.5654761904761905,
      "delta": 0.09523809523809523,
      "relative_change": 0.20253164556962025
    },
    "mrr": {
      "variant_a": 0.3034722222222223,
      "variant_b": 0.3450396825396827,
      "delta": 0.04156746031746039,
      "relative_change": 0.13697286694998387
    },
    "latency": {
      "variant_a": 0.08395992198867523,
      "variant_b": 7.871428943946306,
      "delta": 7.787469021957631,
      "relative_change": 92.7522184097316
    }
  },
  "significance": {
    "hit_at_5": {
      "test": "welch_t",
      "t_stat": -5.360893716674051,
      "p_value": 8.708468766347755e-05,
      "significant_at_0.05": true
    },
    "mrr": {
      "test": "welch_t",
      "t_stat": -2.908859055823441,
      "p_value": 0.009656832261466578,
      "significant_at_0.05": true
    },
    "latency": {
      "test": "welch_t",
      "t_stat": -44.03281844351402,
      "p_value": 7.99065670123279e-12,
      "significant_at_0.05": true
    }
  },
  "winner": "B"
}