{
  "experiment_id": "rerank_comparison",
  "description": "Compare no-rerank (A) vs cross-encoder rerank with BAAI/bge-reranker-v2-m3 (B). Recall top_k=20, final top_k=5.",
  "executor": "real",
  "variants": [
    {
      "variant": "A",
      "metrics": {
        "hit_at_5": 0.47023809523809523,
        "mrr": 0.3034722222222223,
        "retrieval_time": 0.09938526694445284
      },
      "samples": {
        "hit_at_5": [
          0.46573604169967964,
          0.4620001382388201,
          0.33056755123225906,
          0.4484664168175328,
          0.46281472055582645,
          0.4336406053937349,
          0.46870497791932525,
          0.37861811485713587,
          0.49066161989064755,
          0.4886625048782807
        ],
        "mrr": [
          0.3288662225297539,
          0.30810812516949043,
          0.3124125166009753,
          0.28764262625814013,
          0.2989280678975325,
          0.3115436570583983,
          0.2943852783839882,
          0.33543929011831636,
          0.3272884437572413,
          0.29652220085861086
        ],
        "retrieval_time": [
          0.10580635432206707,
          0.1002610166315474,
          0.09025587602538337,
          0.09968533218989174,
          0.10941432734141246,
          0.10185528420089451,
          0.09828786091792191,
          0.09790665951226026,
          0.09566172466802436,
          0.09884827407122125
        ]
      }
    },
    {
      "variant": "B",
      "metrics": {
        "hit_at_5": 0.5416666666666666,
        "mrr": 0.3663690476190477,
        "retrieval_time": 0.613949007465202
      },
      "samples": {
        "hit_at_5": [
          0.512213233369386,
          0.4852804319398996,
          0.4647680874190486,
          0.49969941284478886,
          0.475525759789431,
          0.6159375703370343,
          0.5300113954115674,
          0.609565133649377,
          0.5249180219423041,
          0.564572510616501
        ],
        "mrr": [
          0.36435323084558063,
          0.349918355946227,
          0.3585913367360721,
          0.41260824420812714,
          0.3698873671913848,
          0.3574788545255323,
          0.3557371949410898,
          0.32889107858139616,
          0.3308595549419019,
          0.39209885011594925
        ],
        "retrieval_time": [
          0.597904342181915,
          0.6241920082588052,
          0.5639389848948337,
          0.7259618507635384,
          0.6124892814650309,
          0.45693508553809287,
          0.5572386768457948,
          0.7234249692998033,
          0.6919845713079047,
          0.7234407733625098
        ]
      }
    }
  ],
  "deltas": {
    "hit_at_5": {
      "variant_a": 0.47023809523809523,
      "variant_b": 0.5416666666666666,
      "delta": 0.0714285714285714,
      "relative_change": 0.1518987341772151
    },
    "mrr": {
      "variant_a": 0.3034722222222223,
      "variant_b": 0.3663690476190477,
      "delta": 0.0628968253968254,
      "relative_change": 0.20725727361882962
    },
    "retrieval_time": {
      "variant_a": 0.09938526694445284,
      "variant_b": 0.613949007465202,
      "delta": 0.5145637405207492,
      "relative_change": 5.177464993964776
    }
  },
  "significance": {
    "hit_at_5": {
      "test": "welch_t",
      "t_stat": -3.6707931374206986,
      "p_value": 0.0017536145969937458,
      "significant_at_0.05": true
    },
    "mrr": {
      "test": "welch_t",
      "t_stat": -5.447077222146106,
      "p_value": 6.32883030225693e-05,
      "significant_at_0.05": true
    },
    "retrieval_time": {
      "test": "welch_t",
      "t_stat": -18.70655510110887,
      "p_value": 1.498602683507485e-08,
      "significant_at_0.05": true
    }
  },
  "winner": "B"
}