{
  "experiment_id": "rerank_comparison",
  "description": "Compare no-rerank (A) vs cross-encoder rerank with BAAI/bge-reranker-v2-m3 (B). Recall top_k=20, final top_k=5.",
  "variants": [
    {
      "variant": "A",
      "metrics": {
        "hit_at_5": 0.7348846399585207,
        "mrr": 0.6672620103571889,
        "retrieval_time": 0.23378849363921506
      },
      "samples": {
        "hit_at_5": [
          0.7213240704063796,
          0.7773370853152632,
          0.6512357086373575,
          0.7158095787762242,
          0.6791067244842562,
          0.6995099191638169,
          0.6924271353298175,
          0.7493669204754646,
          0.7903539972603871,
          0.8176153301317169
        ],
        "mrr": [
          0.6607043320200834,
          0.6131921124758946,
          0.7568368873234507,
          0.7300683787030373,
          0.7124784384699462,
          0.6209277320237657,
          0.6825663799006373,
          0.690648961292417,
          0.6581048883904358,
          0.6237359769023229
        ],
        "retrieval_time": [
          0.2373405095030259,
          0.2761262684606041,
          0.24912072673762625,
          0.2573491340521288,
          0.2160997327954492,
          0.2388010915694865,
          0.2565331495964598,
          0.23097642283502035,
          0.21569059410194033,
          0.21898817551366603
        ]
      }
    },
    {
      "variant": "B",
      "metrics": {
        "hit_at_5": 0.8442485356235444,
        "mrr": 0.7860752652244805,
        "retrieval_time": 0.3898499908408385
      },
      "samples": {
        "hit_at_5": [
          0.8914134581662825,
          0.8713816832407347,
          0.9583078793465045,
          0.8493965209826029,
          0.9207270233526225,
          0.9379191959132385,
          0.8925243875352236,
          0.8363563188506797,
          0.8271235388721528,
          0.959628960597679
        ],
        "mrr": [
          0.7774411859371315,
          0.8330954277436247,
          0.7962639788506044,
          0.7793127292446835,
          0.8793124909005592,
          0.698920430363468,
          0.7295410000469191,
          0.7793678400241685,
          0.6859740683822797,
          0.837467666233128
        ],
        "retrieval_time": [
          0.37617444422821394,
          0.3715129281224812,
          0.42749502839078696,
          0.4054332712002523,
          0.3312584680955554,
          0.3799687709454944,
          0.4188232733080766,
          0.38216421483145074,
          0.456457629873278,
          0.4193356667650161
        ]
      }
    }
  ],
  "deltas": {
    "hit_at_5": {
      "variant_a": 0.7348846399585207,
      "variant_b": 0.8442485356235444,
      "delta": 0.10936389566502369,
      "relative_change": 0.14881777318300807
    },
    "mrr": {
      "variant_a": 0.6672620103571889,
      "variant_b": 0.7860752652244805,
      "delta": 0.11881325486729155,
      "relative_change": 0.17806087117666144
    },
    "retrieval_time": {
      "variant_a": 0.23378849363921506,
      "variant_b": 0.3898499908408385,
      "delta": 0.15606149720162343,
      "relative_change": 0.6675328403563746
    }
  },
  "significance": {
    "hit_at_5": {
      "test": "welch_t",
      "t_stat": -7.24401724919192,
      "p_value": 1.020085946521617e-06,
      "significant_at_0.05": true
    },
    "mrr": {
      "test": "welch_t",
      "t_stat": -4.21738589012128,
      "p_value": 0.0005744069056801537,
      "significant_at_0.05": true
    },
    "retrieval_time": {
      "test": "welch_t",
      "t_stat": -12.140413959661991,
      "p_value": 6.74511340161476e-09,
      "significant_at_0.05": true
    }
  },
  "winner": "B"
}