{
  "experiment_id": "rerank_comparison",
  "description": "Compare no-rerank (A) vs cross-encoder rerank with BAAI/bge-reranker-v2-m3 (B). Recall top_k=20, final top_k=5.",
  "executor": "real",
  "variants": [
    {
      "variant": "A",
      "metrics": {
        "hit_at_5": 0.40476190476190477,
        "mrr": 0.2779761904761905,
        "retrieval_time": 0.10490114477752718
      },
      "samples": {
        "hit_at_5": [
          0.4189321049603508,
          0.36706026618233983,
          0.4274505695607086,
          0.39408291216046587,
          0.3987481976188829,
          0.44711543023547545,
          0.4373823093427643,
          0.3969297323837226,
          0.39429545102153635,
          0.417128618874546
        ],
        "mrr": [
          0.2894160074530944,
          0.25691483702129675,
          0.3055420262875412,
          0.26908428835571363,
          0.3386647787474136,
          0.28122726406208853,
          0.2720623931766285,
          0.2792563858369695,
          0.2603373899093166,
          0.2984837834128669
        ],
        "retrieval_time": [
          0.0998117435924016,
          0.11052709622391108,
          0.09878740334559225,
          0.10019412935544955,
          0.12446001140604723,
          0.10895684555248764,
          0.11228008588030029,
          0.10260829478064587,
          0.10459878725500026,
          0.11955379861845378
        ]
      }
    },
    {
      "variant": "B",
      "metrics": {
        "hit_at_5": 0.48214285714285715,
        "mrr": 0.31617063492063496,
        "retrieval_time": 0.6543285737674783
      },
      "samples": {
        "hit_at_5": [
          0.4859261895046167,
          0.5050246871598846,
          0.49178647710883955,
          0.454619876069228,
          0.4966759355958395,
          0.515984255658806,
          0.48490028796327694,
          0.4879187446778546,
          0.5230420821231638,
          0.5597458966047696
        ],
        "mrr": [
          0.24364797601671787,
          0.3142228926792514,
          0.35552883164400784,
          0.3150628539898856,
          0.30310315377924957,
          0.35263323905271043,
          0.3231772700599597,
          0.29574493373815214,
          0.34870766775444934,
          0.32248508131498244
        ],
        "retrieval_time": [
          0.5454448161497443,
          0.6064750371158381,
          0.6516980095326161,
          0.656869194329711,
          0.6776070262076811,
          0.6956453493267896,
          0.6993667331748039,
          0.7169785804670835,
          0.6956437745154147,
          0.6272240605429614
        ]
      }
    }
  ],
  "deltas": {
    "hit_at_5": {
      "variant_a": 0.40476190476190477,
      "variant_b": 0.48214285714285715,
      "delta": 0.07738095238095238,
      "relative_change": 0.1911764705882353
    },
    "mrr": {
      "variant_a": 0.2779761904761905,
      "variant_b": 0.31617063492063496,
      "delta": 0.038194444444444475,
      "relative_change": 0.1374018558172735
    },
    "retrieval_time": {
      "variant_a": 0.10490114477752718,
      "variant_b": 0.6543285737674783,
      "delta": 0.5494274289899511,
      "relative_change": 5.237573242457637
    }
  },
  "significance": {
    "hit_at_5": {
      "test": "welch_t",
      "t_stat": -7.756823728120146,
      "p_value": 4.426790510791621e-07,
      "significant_at_0.05": true
    },
    "mrr": {
      "test": "welch_t",
      "t_stat": -2.485408300260018,
      "p_value": 0.02395647854585906,
      "significant_at_0.05": true
    },
    "retrieval_time": {
      "test": "welch_t",
      "t_stat": -32.68772714803005,
      "p_value": 4.414246814373637e-11,
      "significant_at_0.05": true
    }
  },
  "winner": "B"
}