{
  "report_path": "app/evaluation/reports/qa_eval_seed_report.json",
  "summary": {
    "sample_count": 168,
    "evaluation_mode": "llm",
    "answer_pass_rate": 0.23809523809523808,
    "citation_pass_rate": 0.44047619047619047,
    "mean_answer_score": 0.24077380952380953,
    "mean_citation_score": 0.40708333333333335
  },
  "answer_length_distribution": {
    "count": 168,
    "mean": 1357.232142857143,
    "median": 1168.5,
    "p95": 2869,
    "min": 0,
    "max": 4707
  },
  "citation_accuracy": {
    "sample_count": 168,
    "answer_pass_rate": 0.23809523809523808,
    "citation_pass_rate": 0.44047619047619047,
    "mean_answer_score": 0.24077380952380953,
    "mean_citation_score": 0.40708333333333335,
    "answer_score_std": 0.3370637513640472
  },
  "top_questions": [
    [
      "What does 'Receptive-Field and Direction Induced Attention' ",
      6
    ],
    [
      "Summarize the main points from the 'Introduction' section of",
      6
    ],
    [
      "What does 'Few-Shot Adaptation of Grounding DINO for Agricul",
      6
    ],
    [
      "What does 'arXiv:2110.13389v2 [cs.CV] 14 Jun 2022' describe ",
      6
    ],
    [
      "What does 'arXiv:2303.05499v5 [cs.CV] 19 Jul 2024' describe ",
      6
    ],
    [
      "What does 'TY-RIST: Tactical YOLO Tricks for Real-time Infra",
      6
    ],
    [
      "What does 'Learning to Prompt for Open-Vocabulary Object Det",
      6
    ],
    [
      "Summarize the main points from the 'Experiments' section of ",
      4
    ],
    [
      "According to the 'results' section of 'Receptive-Field and D",
      3
    ],
    [
      "Summarize the main points from the 'results' section of 'Rec",
      3
    ]
  ],
  "live_event_time_breakdown": {
    "retrieval_time": {
      "count": 356,
      "mean": 0.18940145442140643,
      "p95": 0.018395619990769774,
      "median": 0.006359293998684734
    },
    "llm_time": {
      "count": 356,
      "mean": 12.109346476978747,
      "p95": 32.58554020797601,
      "median": 11.073364529504033
    },
    "total_time": {
      "count": 356,
      "mean": 12.298747931400152,
      "p95": 33.70152861601673,
      "median": 11.08486306249688
    }
  }
}