{
  "experiment_id": "embedding_comparison",
  "description": "Compare bge-small-zh-v1.5 (A) vs bge-large-zh-v1.5 (B) on retrieval quality.",
  "variants": [
    {
      "variant": "A",
      "metrics": {
        "hit_at_3": 0.771474399930868,
        "mrr": 0.6987700172619813,
        "retrieval_time": 0.21912986386862637
      },
      "samples": {
        "hit_at_3": [
          0.8339126898329383,
          0.8088779754208958,
          0.8360492557888042,
          0.7705572955048939,
          0.6265576885200973,
          0.6933554834625525,
          0.6959639359556629,
          0.7369205759161139,
          0.8592551865990733,
          0.8618632953478691
        ],
        "mrr": [
          0.6674362228298605,
          0.6753614077218383,
          0.7274230928899197,
          0.6846028272591091,
          0.6876862717079123,
          0.6641842921753521,
          0.657429536270717,
          0.659688927907984,
          0.6727533263052238,
          0.7359563090421845
        ],
        "retrieval_time": [
          0.21499913622138953,
          0.19451687499267947,
          0.2286708075261082,
          0.22052276825330785,
          0.22103666028044203,
          0.2201975953898791,
          0.1986573700296683,
          0.21280700453314014,
          0.23275775019609912,
          0.21079268948027707
        ]
      }
    },
    {
      "variant": "B",
      "metrics": {
        "hit_at_3": 0.8070808927059072,
        "mrr": 0.773458775374134,
        "retrieval_time": 0.2972374839714673
      },
      "samples": {
        "hit_at_3": [
          0.8010660108724273,
          0.8664372101183104,
          0.7710247986246356,
          0.7699664258634287,
          0.7608384031565104,
          0.8828948172409367,
          0.6841373640451479,
          0.8602367494571876,
          0.7966311988030534,
          0.8319092333276472
        ],
        "mrr": [
          0.8311876080014124,
          0.7755205872550107,
          0.8014152339032767,
          0.7661505709834443,
          0.7599479015132691,
          0.864159985966117,
          0.7492785827025356,
          0.7874043338812319,
          0.8101569952880192,
          0.879618253489834
        ],
        "retrieval_time": [
          0.2670953108299276,
          0.3178583010319199,
          0.2760392618684502,
          0.31052452220498294,
          0.3058777502369096,
          0.2885687228119591,
          0.32403006470514345,
          0.24936657731895315,
          0.30263806091052664,
          0.33118279206288637
        ]
      }
    }
  ],
  "deltas": {
    "hit_at_3": {
      "variant_a": 0.771474399930868,
      "variant_b": 0.8070808927059072,
      "delta": 0.035606492775039245,
      "relative_change": 0.046153822833563826
    },
    "mrr": {
      "variant_a": 0.6987700172619813,
      "variant_b": 0.773458775374134,
      "delta": 0.0746887581121527,
      "relative_change": 0.1068860372756242
    },
    "retrieval_time": {
      "variant_a": 0.21912986386862637,
      "variant_b": 0.2972374839714673,
      "delta": 0.07810762010284095,
      "relative_change": 0.3564444331041448
    }
  },
  "significance": {
    "hit_at_3": {
      "test": "welch_t",
      "t_stat": -0.9444633064167894,
      "p_value": 0.3584826658681069,
      "significant_at_0.05": false
    },
    "mrr": {
      "test": "welch_t",
      "t_stat": -7.254611438848034,
      "p_value": 2.771253977280139e-06,
      "significant_at_0.05": true
    },
    "retrieval_time": {
      "test": "welch_t",
      "t_stat": -8.90213775534255,
      "p_value": 8.778069801050344e-07,
      "significant_at_0.05": true
    }
  },
  "winner": "B"
}